{"stats":{"minecraft:killed_by":{"spore:inf_pillager":1,"minecraft:zombie":2},"minecraft:crafted":{"minecraft:oak_planks":108,"vanillaplustools:stone_hammer":5,"minecraft:iron_nugget":54,"minecraft:furnace":2,"minecraft:stone":43,"minecraft:cooked_mutton":5,"minecraft:glass":59,"minecraft:lantern":6,"vanillaplustools:iron_hammer":1,"minecraft:iron_boots":1,"minecraft:iron_axe":2,"minecraft:stone_pickaxe":56,"minecraft:chest":10,"minecraft:stone_hoe":1,"minecraft:cooked_beef":8,"biomesoplenty:dead_planks":20,"minecraft:cooked_porkchop":12,"minecraft:crafting_table":6,"minecraft:spruce_planks":1212,"minecraft:wooden_pickaxe":3,"minecraft:iron_helmet":1,"crafting_on_a_stick:crafting_table":1,"minecraft:stone_axe":1,"minecraft:air":0,"minecraft:iron_chestplate":1,"minecraft:stick":116,"minecraft:iron_ingot":67,"minecraft:iron_pickaxe":10,"minecraft:wooden_axe":1,"minecraft:iron_shovel":1,"minecraft:iron_leggings":1,"minecraft:white_bed":1,"minecraft:torch":36},"minecraft:broken":{"vanillaplustools:iron_hammer":1,"minecraft:stone_pickaxe":1,"vanillaplustools:stone_hammer":4,"minecraft:iron_axe":1,"minecraft:stone_axe":1,"minecraft:iron_pickaxe":1},"minecraft:picked_up":{"minecraft:crafting_table":12,"minecraft:brown_mushroom":2,"minecraft:raw_copper":58,"biomesoplenty:dead_sapling":2,"minecraft:tnt_minecart":1,"minecraft:cobbled_deepslate":1379,"minecraft:spruce_planks":306,"minecraft:beef":8,"minecraft:chest":9,"minecraft:egg":1,"minecraft:furnace":6,"minecraft:stick":46,"minecraft:raw_iron":75,"minecraft:torch":9,"minecraft:spruce_fence":1,"minecraft:porkchop":12,"minecraft:diorite":54,"minecraft:rotten_flesh":1,"minecraft:arrow":1,"minecraft:mutton":6,"minecraft:obsidian":14,"minecraft:rail":2,"minecraft:white_wool":6,"minecraft:cobblestone":3582,"minecraft:glow_ink_sac":1,"minecraft:andesite":37,"minecraft:leather":3,"minecraft:red_mushroom":5,"biomesoplenty:dead_log":6,"minecraft:flint":4,"minecraft:tuff":72,"minecraft:oak_log":27,"minecraft:dirt":61,"minecraft:lantern":4,"minecraft:bone":9,"minecraft:apple":5,"minecraft:stone_pickaxe":1,"minecraft:iron_ingot":2,"spore:mutated_fiber":6,"minecraft:glowstone_dust":2,"minecraft:oak_planks":25,"spore:cerebrum":2,"croptopia:apricot":7,"minecraft:gravel":39,"minecraft:sand":59,"minecraft:spruce_sapling":44,"minecraft:white_bed":1,"minecraft:spruce_log":305,"minecraft:spectral_arrow":2,"minecraft:diamond":26,"minecraft:granite":51,"minecraft:emerald":2,"minecraft:oak_sapling":11,"minecraft:coal":119},"minecraft:dropped":{"minecraft:flint":1,"minecraft:spruce_sapling":9,"minecraft:bone":9,"minecraft:cobbled_deepslate":2,"minecraft:andesite":9,"minecraft:spruce_log":15,"minecraft:stone_pickaxe":1},"minecraft:custom":{"minecraft:mob_kills":23,"minecraft:interact_with_crafting_table":69,"minecraft:leave_game":4,"minecraft:time_since_death":50093,"minecraft:climb_one_cm":2623,"minecraft:sprint_one_cm":447772,"minecraft:walk_one_cm":537197,"minecraft:drop":10,"minecraft:play_time":193144,"minecraft:deaths":5,"minecraft:sneak_time":1607,"minecraft:walk_under_water_one_cm":7671,"minecraft:jump":2835,"minecraft:walk_on_water_one_cm":21245,"minecraft:total_world_time":193144,"minecraft:interact_with_furnace":55,"minecraft:sleep_in_bed":5,"minecraft:time_since_rest":11119,"minecraft:damage_taken":2378,"minecraft:damage_dealt":2948,"minecraft:swim_one_cm":7314,"minecraft:fly_one_cm":530048,"minecraft:open_chest":87,"minecraft:crouch_one_cm":2145,"minecraft:interact_with_smoker":1,"minecraft:fall_one_cm":66935},"minecraft:killed":{"minecraft:skeleton":1,"monsterplus:glow_skeleton":1,"minecraft:pig":8,"spore:inf_player":1,"minecraft:sheep":4,"minecraft:zombie":1,"spore:inf_human":1,"spore:inf_witch":1,"minecraft:cow":3},"minecraft:used":{"minecraft:iron_shovel":71,"minecraft:chest":19,"minecraft:spruce_planks":984,"minecraft:stone":26,"vanillaplustools:stone_hammer":583,"minecraft:stone_hoe":2,"minecraft:rotten_flesh":1,"minecraft:torch":15,"minecraft:dirt":4,"minecraft:wooden_axe":1,"minecraft:lantern":10,"minecraft:iron_axe":402,"minecraft:furnace":8,"minecraft:egg":1,"minecraft:cooked_beef":8,"minecraft:cobbled_deepslate":102,"minecraft:cooked_mutton":4,"minecraft:diorite":2,"minecraft:stone_pickaxe":356,"minecraft:oak_planks":12,"minecraft:wooden_pickaxe":96,"minecraft:crafting_table":17,"minecraft:white_bed":2,"minecraft:apple":7,"minecraft:bread":12,"minecraft:iron_pickaxe":620,"minecraft:stone_axe":131,"minecraft:cobblestone":95,"vanillaplustools:iron_hammer":250,"minecraft:cooked_porkchop":1,"minecraft:andesite":21},"minecraft:mined":{"biomesoplenty:glowing_moss_block":2,"minecraft:tuff":658,"minecraft:spruce_planks":41,"minecraft:white_bed":1,"minecraft:farmland":2,"minecraft:deepslate_diamond_ore":13,"minecraft:granite":84,"minecraft:grass_block":10,"minecraft:spruce_fence":1,"minecraft:brown_mushroom_block":9,"minecraft:spruce_leaves":10,"minecraft:red_mushroom":1,"minecraft:large_fern":4,"minecraft:furnace":6,"minecraft:iron_ore":64,"minecraft:cobbled_deepslate":13,"minecraft:andesite":53,"minecraft:deepslate_lapis_ore":4,"minecraft:deepslate_iron_ore":15,"minecraft:dirt_path":5,"minecraft:lantern":4,"minecraft:stone":2904,"minecraft:deepslate_redstone_ore":13,"minecraft:brown_mushroom":1,"biomesoplenty:glowworm_silk":1,"minecraft:crafting_table":12,"minecraft:torch":5,"minecraft:emerald_ore":2,"minecraft:chest":9,"minecraft:mushroom_stem":7,"minecraft:copper_ore":19,"minecraft:cobblestone":31,"minecraft:deepslate_gold_ore":12,"minecraft:oak_planks":12,"minecraft:diorite":60,"minecraft:wall_torch":4,"minecraft:ice":3,"minecraft:spruce_log":323,"biomesoplenty:dead_log":6,"minecraft:oak_log":27,"minecraft:coal_ore":72,"minecraft:mycelium":3,"minecraft:dirt":57,"minecraft:gravel":42,"minecraft:sand":59,"minecraft:red_mushroom_block":5,"minecraft:gold_ore":1,"minecraft:oak_leaves":4,"minecraft:deepslate":2807,"minecraft:fern":2}},"DataVersion":3465}