{"stats":{"minecraft:dropped":{"minecraft:enchanted_golden_apple":62,"grapplemod:launcheritem":1,"minecraft:spruce_sapling":15},"minecraft:broken":{"vanillaplustools:stone_hammer":2,"minecraft:wooden_axe":1},"minecraft:mined":{"minecraft:tuff":88,"minecraft:white_bed":2,"minecraft:deepslate_diamond_ore":4,"minecraft:dandelion":4,"minecraft:crafting_table":3,"minecraft:granite":14,"minecraft:grass_block":3,"minecraft:poppy":9,"minecraft:copper_ore":28,"minecraft:cobblestone":2,"minecraft:spruce_leaves":6,"minecraft:lapis_ore":2,"minecraft:deepslate_gold_ore":8,"minecraft:sugar_cane":1,"minecraft:diorite":49,"minecraft:wall_torch":2,"minecraft:furnace":2,"minecraft:iron_ore":19,"minecraft:sweet_berry_bush":22,"biomesoplenty:rose":3,"minecraft:spruce_log":89,"minecraft:andesite":44,"minecraft:deepslate_lapis_ore":6,"minecraft:grass":2,"minecraft:coal_ore":97,"minecraft:deepslate_iron_ore":4,"minecraft:gravel":1,"minecraft:dripstone_block":3,"minecraft:dirt":2,"minecraft:stone":587,"minecraft:deepslate":1830,"minecraft:fern":2},"minecraft:custom":{"minecraft:interact_with_furnace":9,"minecraft:mob_kills":19,"minecraft:interact_with_crafting_table":8,"minecraft:leave_game":1,"minecraft:time_since_death":8234,"minecraft:sleep_in_bed":2,"minecraft:damage_resisted":4,"minecraft:time_since_rest":3982,"minecraft:sprint_one_cm":150749,"minecraft:walk_one_cm":128239,"minecraft:damage_taken":560,"minecraft:damage_absorbed":16,"minecraft:drop":73,"minecraft:damage_dealt":2236,"minecraft:swim_one_cm":2737,"minecraft:fly_one_cm":551914,"minecraft:open_chest":1,"minecraft:crouch_one_cm":97,"minecraft:play_time":52924,"minecraft:deaths":1,"minecraft:sneak_time":97,"minecraft:walk_under_water_one_cm":186,"minecraft:jump":539,"minecraft:walk_on_water_one_cm":1040,"minecraft:interact_with_smoker":1,"minecraft:total_world_time":52924,"minecraft:fall_one_cm":10585},"minecraft:crafted":{"minecraft:wooden_sword":1,"vanillaplustools:stone_hammer":3,"minecraft:cooked_porkchop":9,"minecraft:crafting_table":4,"minecraft:spruce_planks":332,"minecraft:wooden_pickaxe":2,"minecraft:furnace":3,"crafting_on_a_stick:crafting_table":2,"minecraft:stone_axe":1,"minecraft:air":0,"minecraft:stick":112,"minecraft:iron_ingot":6,"minecraft:iron_pickaxe":1,"minecraft:stone_pickaxe":29,"minecraft:wooden_axe":2,"minecraft:white_bed":1,"minecraft:torch":144},"minecraft:picked_up":{"minecraft:crafting_table":3,"minecraft:feather":5,"minecraft:chicken":2,"minecraft:andesite":44,"grapplemod:launcheritem":2,"minecraft:leather":3,"minecraft:tuff":79,"minecraft:lapis_lazuli":54,"minecraft:string":2,"minecraft:dirt":4,"minecraft:raw_copper":90,"minecraft:cobbled_deepslate":1617,"minecraft:raw_gold":8,"minecraft:beef":9,"minecraft:poppy":8,"minecraft:enchanted_golden_apple":64,"minecraft:sugar_cane":3,"minecraft:egg":1,"minecraft:furnace":2,"minecraft:stick":34,"minecraft:raw_iron":23,"minecraft:cooked_porkchop":64,"minecraft:sweet_berries":37,"minecraft:torch":2,"minecraft:dandelion":4,"minecraft:dripstone_block":3,"minecraft:porkchop":9,"minecraft:white_bed":2,"minecraft:spruce_sapling":15,"minecraft:carrot":1,"minecraft:diorite":48,"minecraft:spruce_log":84,"minecraft:spider_eye":1,"minecraft:rotten_flesh":2,"minecraft:diamond":4,"minecraft:granite":10,"biomesoplenty:rose":1,"minecraft:mutton":9,"minecraft:coal":107,"minecraft:white_wool":5,"minecraft:cobblestone":592},"minecraft:killed":{"minecraft:pig":4,"minecraft:spider":1,"minecraft:skeleton":1,"minecraft:sheep":4,"minecraft:zombie":3,"minecraft:chicken":2,"minecraft:cow":4},"minecraft:used":{"minecraft:stone_pickaxe":183,"minecraft:wooden_pickaxe":14,"vanillaplustools:stone_hammer":302,"minecraft:torch":53,"minecraft:dirt":2,"minecraft:crafting_table":4,"minecraft:white_bed":2,"biomesoplenty:rose":1,"minecraft:spruce_log":1,"minecraft:wooden_axe":106,"minecraft:iron_pickaxe":14,"minecraft:stone_axe":17,"minecraft:wooden_sword":59,"minecraft:cobblestone":29,"minecraft:sweet_berries":27,"minecraft:furnace":2,"minecraft:cooked_porkchop":1,"minecraft:andesite":1,"minecraft:enchanted_golden_apple":2}},"DataVersion":3465}