{"stats":{"minecraft:killed_by":{"spore:stalker":1},"minecraft:crafted":{"minecraft:wooden_sword":1,"minecraft:oak_planks":12,"minecraft:crafting_table":2,"minecraft:spruce_planks":40,"minecraft:stick":12,"minecraft:wooden_pickaxe":2,"minecraft:wooden_axe":1},"minecraft:picked_up":{"minecraft:crafting_table":3,"minecraft:porkchop":5,"minecraft:oak_log":3,"minecraft:spruce_sapling":3,"minecraft:spruce_log":17,"minecraft:oak_sapling":1,"minecraft:black_wool":1,"minecraft:mutton":3,"minecraft:white_wool":1},"minecraft:custom":{"minecraft:time_since_rest":2916,"minecraft:damage_taken":240,"minecraft:crouch_one_cm":479,"minecraft:play_time":4439,"minecraft:sprint_one_cm":34214,"minecraft:walk_one_cm":11840,"minecraft:deaths":1,"minecraft:sneak_time":42,"minecraft:walk_under_water_one_cm":814,"minecraft:mob_kills":6,"minecraft:jump":136,"minecraft:damage_dealt":569,"minecraft:leave_game":2,"minecraft:time_since_death":2895,"minecraft:total_world_time":4439,"minecraft:interact_with_crafting_table":4,"minecraft:fall_one_cm":2891,"minecraft:fly_one_cm":49025},"minecraft:killed":{"minecraft:sheep":2,"minecraft:pig":4},"minecraft:used":{"minecraft:wooden_axe":20,"minecraft:wooden_sword":15,"minecraft:crafting_table":4},"minecraft:mined":{"minecraft:oak_log":3,"minecraft:spruce_leaves":1,"minecraft:spruce_log":19,"minecraft:oak_leaves":6,"minecraft:crafting_table":3}},"DataVersion":3465}