{"stats":{"minecraft:dropped":{"minecraft:stone_axe":1,"minecraft:cobbled_deepslate":64,"minecraft:diamond":21,"minecraft:cooked_porkchop":128,"minecraft:enchanted_golden_apple":64,"minecraft:glowstone_dust":1,"grapplemod:launcheritem":1},"minecraft:mined":{"minecraft:deepslate_redstone_ore":1,"minecraft:tuff":701,"minecraft:deepslate_diamond_ore":38,"minecraft:grass_block":6,"minecraft:chest":1,"minecraft:spruce_leaves":3,"minecraft:deepslate_gold_ore":1,"minecraft:trapped_chest":2,"minecraft:cobbled_deepslate":5,"minecraft:deepslate_lapis_ore":4,"minecraft:deepslate_iron_ore":10,"minecraft:deepslate":8276},"minecraft:killed_by":{"mutantmonsters:mutant_skeleton":1,"minecraft:spider":1},"minecraft:custom":{"minecraft:interact_with_furnace":14,"minecraft:mob_kills":5,"minecraft:interact_with_crafting_table":9,"minecraft:leave_game":3,"minecraft:time_since_death":50864,"minecraft:time_since_rest":50892,"minecraft:sprint_one_cm":232131,"minecraft:damage_taken":1010,"minecraft:walk_one_cm":393000,"minecraft:trigger_trapped_chest":17,"minecraft:drop":13,"minecraft:damage_dealt":2920,"minecraft:fly_one_cm":1902150,"minecraft:open_chest":11,"minecraft:crouch_one_cm":732,"minecraft:play_time":112930,"minecraft:deaths":4,"minecraft:sneak_time":972,"minecraft:aviate_one_cm":2353,"minecraft:jump":839,"minecraft:walk_on_water_one_cm":4192,"minecraft:total_world_time":112930,"minecraft:fall_one_cm":7783},"minecraft:picked_up":{"minecraft:tuff":899,"minecraft:lapis_lazuli":27,"minecraft:dirt":6,"minecraft:bone":1,"minecraft:raw_gold":1,"minecraft:cobbled_deepslate":12917,"minecraft:enchanted_golden_apple":62,"minecraft:glowstone_dust":1,"minecraft:chest":1,"minecraft:egg":1,"minecraft:raw_iron":10,"minecraft:cooked_porkchop":64,"minecraft:torch":3,"minecraft:redstone":5,"minecraft:trapped_chest":2,"monsterplus:crystal_clump":1,"minecraft:arrow":1,"minecraft:diamond":60,"minecraft:stone_axe":1,"biomesoplenty:rose":2},"minecraft:crafted":{"minecraft:oak_planks":36,"vanillaplustools:stone_hammer":1,"minecraft:crafting_table":1,"minecraft:air":0,"vanillaplustools:iron_hammer":1,"minecraft:diamond_helmet":1,"minecraft:diamond_leggings":1,"minecraft:diamond_pickaxe":4,"minecraft:stick":44,"minecraft:iron_ingot":24,"minecraft:iron_pickaxe":8,"minecraft:stone_pickaxe":8,"minecraft:chest":1,"minecraft:diamond_boots":1,"minecraft:diamond_chestplate":1},"minecraft:killed":{"monsterplus:crystal_zombie":2,"twilightforest:snow_queen":1,"monsterplus:glow_skeleton":1,"twilightforest:naga":1},"minecraft:used":{"minecraft:water_bucket":2,"minecraft:chest":1,"securitycraft:keypad_door_item":1,"vanillaplustools:stone_hammer":61,"minecraft:torch":55,"minecraft:crafting_table":2,"securitycraft:keypad_item":2,"twilightforest:magic_map":2,"enderitemod:enderite_elytra":1,"biomesoplenty:rose":6,"minecraft:iron_pickaxe":4,"minecraft:stone_axe":64,"vanillaplustools:iron_hammer":146,"minecraft:furnace":2,"minecraft:trapped_chest":9,"minecraft:cobbled_deepslate":114,"minecraft:dandelion":8}},"DataVersion":3465}