{"stats":{"minecraft:mined":{"minecraft:grass_block":6},"minecraft:killed_by":{"mutantmonsters:mutant_skeleton":1},"minecraft:custom":{"minecraft:jump":102,"minecraft:time_since_rest":1636,"minecraft:walk_on_water_one_cm":4192,"minecraft:deaths":2,"minecraft:sprint_one_cm":11919,"minecraft:play_time":12527,"minecraft:damage_taken":505,"minecraft:time_since_death":1607,"minecraft:walk_one_cm":90107,"minecraft:total_world_time":12527,"minecraft:fall_one_cm":5902,"minecraft:fly_one_cm":310007,"minecraft:aviate_one_cm":2353},"minecraft:used":{"enderitemod:enderite_elytra":1},"minecraft:picked_up":{"minecraft:dirt":5,"minecraft:egg":1}},"DataVersion":3465}